OBJECT_NAME,OBJECT_ID,EPOCH,MEAN_MOTION,ECCENTRICITY,INCLINATION,RA_OF_ASC_NODE,ARG_OF_PERICENTER,MEAN_ANOMALY,EPHEMERIS_TYPE,CLASSIFICATION_TYPE,NORAD_CAT_ID,ELEMENT_SET_NO,REV_AT_EPOCH,BSTAR,MEAN_MOTION_DOT,MEAN_MOTION_DDOT
IRIDIUM 106,2017-003A,2026-09-10T13:29:09.948480,14.34217213,.00019166,86.3932,52.8325,82.2654,277.8760,0,U,41917,999,50544,-.3974074E-5,.9E-7,0
IRIDIUM 103,2017-003B,2026-09-10T11:30:25.985952,14.34217353,.00023304,86.3933,52.7663,90.6366,269.5097,0,U,41918,999,50545,.51018311E-4,.163E-5,0
IRIDIUM 109,2017-003C,2026-09-10T11:39:33.958080,14.34218194,.00021889,86.3934,52.8246,90.7972,269.3475,0,U,41919,999,50542,.2683824E-5,.27E-6,0
IRIDIUM 102,2017-003D,2026-09-10T12:34:22.307520,14.34217628,.00020869,86.3932,52.7303,90.4379,269.7056,0,U,41920,999,50551,.2996194E-5,.28E-6,0
IRIDIUM 105,2017-003E,2026-09-10T14:55:41.206080,14.34218632,.00022863,86.4002,21.1388,99.2323,260.9131,0,U,41921,999,50738,.50667875E-4,.162E-5,0
IRIDIUM 104,2017-003F,2026-09-10T12:52:39.862272,14.34217503,.00024094,86.3934,52.7689,95.8353,264.3118,0,U,41922,999,50550,.43016996E-4,.14E-5,0
IRIDIUM 114,2017-003G,2026-09-10T11:21:18.232416,14.34217626,.00022547,86.3933,52.7784,91.0662,269.0792,0,U,41923,999,50547,.388337E-5,.31E-6,0
IRIDIUM 108,2017-003H,2026-09-10T10:21:34.333632,14.34217162,.00021204,86.3996,21.1031,95.1914,264.9524,0,U,41924,999,50732,.10845082E-4,.5E-6,0
IRIDIUM 112,2017-003J,2026-09-10T12:43:30.493920,14.34217132,.00021713,86.3929,52.5925,92.7675,267.3769,0,U,41925,999,50550,-.511806E-6,.18E-6,0
IRIDIUM 111,2017-003K,2026-09-10T12:25:14.090880,14.34216766,.0002055,86.3931,52.6708,89.8452,270.2979,0,U,41926,999,50548,-.23005845E-4,-.45E-6,0
IRIDIUM 113,2017-039A,2026-09-10T11:56:23.175744,14.34217948,.00023365,86.3929,286.5217,94.3214,265.8249,0,U,42803,999,48341,.12216163E-4,.54E-6,0
IRIDIUM 123,2017-039B,2026-09-10T12:56:06.806688,14.34217151,.00023285,86.3990,317.9801,91.0561,269.0901,0,U,42804,999,48218,.6281201E-5,.37E-6,0
IRIDIUM 120,2017-039C,2026-09-10T11:47:15.127584,14.34217652,.00020622,86.3918,286.2953,90.1619,269.9813,0,U,42805,999,48340,-.1078923E-5,.17E-6,0
IRIDIUM 115,2017-039D,2026-09-10T12:49:12.378720,14.43280233,.00024037,86.4456,286.4180,87.6400,272.5076,0,U,42806,999,48657,.56131276E-4,.209E-5,0
IRIDIUM 118,2017-039E,2026-09-10T12:01:18.708672,14.34217057,.00022474,86.3989,317.9936,95.9386,264.2066,0,U,42807,999,48217,.46856236E-4,.151E-5,0
IRIDIUM 117,2017-039F,2026-09-10T02:25:54.714144,14.34217660,.00022863,86.3988,318.1173,92.9300,267.2158,0,U,42808,999,48214,.50548769E-4,.161E-5,0
IRIDIUM 126,2017-039G,2026-09-10T11:24:46.741536,14.34217412,.00023772,86.3990,318.0136,94.7032,265.4436,0,U,42809,999,48217,.49932879E-4,.16E-5,0
IRIDIUM 124,2017-039H,2026-09-10T12:53:43.837152,14.43278807,.00024143,86.4428,254.6565,88.7627,271.3850,0,U,42810,999,48742,.48572314E-4,.184E-5,0
IRIDIUM 128,2017-039J,2026-09-10T07:50:30.558048,14.34217352,.0002137,86.4026,349.5702,92.9611,267.1829,0,U,42811,999,48218,.20670296E-4,.78E-6,0
IRIDIUM 121,2017-039K,2026-09-10T11:52:10.621632,14.34217438,.00022125,86.3990,318.0340,94.4215,265.7234,0,U,42812,999,48205,.47536275E-4,.153E-5,0
IRIDIUM 133,2017-061A,2026-09-10T13:37:34.607424,14.34217742,.00021962,86.4029,349.5895,93.6607,266.4840,0,U,42955,999,46701,.34606541E-4,.117E-5,0
IRIDIUM 100,2017-061B,2026-09-10T08:27:02.521728,14.34217632,.00021866,86.4026,349.5962,95.0681,265.0765,0,U,42956,999,46698,.2848967E-4,.1E-5,0
IRIDIUM 122,2017-061C,2026-09-10T12:42:46.351296,14.34217218,.00022559,86.4028,349.5225,93.7623,266.3830,0,U,42957,999,46701,.5243764E-4,.167E-5,0
IRIDIUM 129,2017-061D,2026-09-10T08:17:54.578112,14.34217217,.00023055,86.4029,349.6672,100.8138,259.3318,0,U,42958,999,46700,.4794346E-4,.154E-5,0
IRIDIUM 119,2017-061E,2026-09-10T07:32:14.718336,14.34217187,.00022863,86.4028,349.6765,94.5375,265.6082,0,U,42959,999,46701,.54351334E-4,.172E-5,0
IRIDIUM 107,2017-061F,2026-09-10T07:59:38.662368,14.34217691,.00023096,86.4029,349.6903,89.0518,271.0943,0,U,42960,999,46702,.48819132E-4,.156E-5,0
IRIDIUM 132,2017-061G,2026-09-10T13:10:10.655616,14.34217705,.00022192,86.4028,349.5792,94.9989,265.1460,0,U,42961,999,46705,.37055404E-4,.124E-5,0
IRIDIUM 136,2017-061H,2026-09-10T12:15:22.602528,14.34217747,.00021629,86.4029,349.6022,94.6369,265.5074,0,U,42962,999,46706,.35460652E-4,.119E-5,0
IRIDIUM 139,2017-061J,2026-09-10T07:23:06.608832,14.34217539,.00021942,86.4030,349.7502,93.3330,266.8117,0,U,42963,999,46704,.49955574E-4,.16E-5,0
IRIDIUM 125,2017-061K,2026-09-10T08:45:18.800352,14.34217654,.00026983,86.4032,349.7891,91.4669,268.6835,0,U,42964,999,46706,.48195252E-4,.155E-5,0
IRIDIUM 135,2017-083A,2026-09-10T11:28:59.086560,14.34218813,.00022742,86.3925,286.3609,92.7429,267.4027,0,U,43070,999,45637,.43786705E-4,.142E-5,0
IRIDIUM 138,2017-083B,2026-09-10T12:05:31.154784,14.34218089,.000239,86.3936,286.0585,93.4603,266.6866,0,U,43071,999,45636,.14141671E-4,.59E-6,0
IRIDIUM 116,2017-083C,2026-09-10T13:00:19.137024,14.34217925,.00020334,86.3925,286.3193,87.2611,272.8818,0,U,43072,999,45640,.32788467E-4,.112E-5,0
IRIDIUM 130,2017-083D,2026-09-10T12:14:39.162336,14.34218347,.0002212,86.3934,286.6163,87.4278,272.7171,0,U,43073,999,45634,.44660762E-4,.145E-5,0
IRIDIUM 151,2017-083E,2026-09-10T11:38:07.127808,14.34217593,.00020662,86.3923,286.4023,91.3128,268.8304,0,U,43074,999,45636,-.518894E-5,.5E-7,0
IRIDIUM 134,2017-083F,2026-09-10T12:32:55.173984,14.34217789,.00022601,86.3927,286.3962,90.8159,269.3296,0,U,43075,999,45633,.7776533E-5,.42E-6,0
IRIDIUM 137,2017-083G,2026-09-10T12:51:11.086272,14.34217650,.00017824,86.3927,286.4853,94.8980,265.2420,0,U,43076,999,45640,-.60041E-6,.18E-6,0
IRIDIUM 141,2017-083H,2026-09-10T12:42:03.086496,14.34218692,.00023041,86.3924,286.3137,93.4563,266.6897,0,U,43077,999,45640,.42256335E-4,.138E-5,0
IRIDIUM 153,2017-083J,2026-09-10T11:33:11.117952,14.34217480,.00024473,86.3909,254.7947,90.2619,269.8857,0,U,43078,999,45750,.11849793E-4,.53E-6,0
IRIDIUM 131,2017-083K,2026-09-10T12:23:47.154336,14.34218084,.00022346,86.3931,286.5108,94.1164,266.0287,0,U,43079,999,45633,.11844583E-4,.53E-6,0
IRIDIUM 144,2018-030A,2026-09-10T11:42:19.414944,14.34217467,.00021954,86.3908,254.7190,87.9731,272.1716,0,U,43249,999,44236,.26790771E-4,.95E-6,0
IRIDIUM 149,2018-030B,2026-09-10T11:51:27.318816,14.34217684,.00023478,86.3906,254.6825,90.5084,269.6381,0,U,43250,999,44238,.994331E-5,.48E-6,0
IRIDIUM 157,2018-030C,2026-09-10T13:59:19.145472,14.34216443,.00022033,86.3910,254.7004,89.2752,270.8696,0,U,43251,999,44237,-.51962361E-4,-.126E-5,0
IRIDIUM 140,2018-030D,2026-09-10T12:46:15.091968,14.34218106,.00023246,86.3907,254.7340,89.0463,271.0999,0,U,43252,999,44242,.30805841E-4,.106E-5,0
IRIDIUM 145,2018-030E,2026-09-10T12:27:59.227200,14.34217635,.00020947,86.3908,254.7114,84.4289,275.7146,0,U,43253,999,44235,.17347573E-4,.68E-6,0
IRIDIUM 146,2018-030F,2026-09-10T13:41:03.030144,14.34217211,.00022043,86.3907,254.7021,88.2495,271.8953,0,U,43254,999,44237,.6200014E-5,.37E-6,0
IRIDIUM 148,2018-030G,2026-09-10T12:55:23.242944,14.34217809,.00022328,86.3909,254.7597,91.6948,268.4504,0,U,43255,999,44240,.20150465E-4,.76E-6,0
IRIDIUM 142,2018-030H,2026-09-10T13:50:11.106816,14.34217341,.00020319,86.3907,254.6298,87.7704,272.3725,0,U,43256,999,44237,-.183711E-6,.19E-6,0
IRIDIUM 150,2018-030J,2026-09-10T11:24:03.202848,14.34217420,.00021848,86.3911,254.7913,87.6468,272.4978,0,U,43257,999,44238,-.7899187E-5,-.2E-7,0
IRIDIUM 143,2018-030K,2026-09-10T12:37:07.003200,14.34217615,.0002243,86.3912,254.8660,87.1745,272.9707,0,U,43258,999,44232,.2786747E-5,.28E-6,0
IRIDIUM 161,2018-047C,2026-09-10T12:21:57.907584,14.43280405,.00022421,86.4453,52.7610,95.8848,264.2608,0,U,43478,999,43744,.509964E-5,.37E-6,0
IRIDIUM 152,2018-047D,2026-09-10T11:57:50.275584,14.34217757,.00021856,86.3929,52.6302,91.6665,268.4781,0,U,43479,999,43471,.224432E-5,.26E-6,0
IRIDIUM 147,2018-047E,2026-09-10T12:06:58.074048,14.34217820,.00020469,86.3930,52.6342,88.8440,271.2990,0,U,43480,999,43471,.2727508E-5,.27E-6,0
IRIDIUM 110,2018-047F,2026-09-10T12:16:06.363264,14.34217322,.00022776,86.3933,52.7256,97.1084,263.0371,0,U,43481,999,43470,.4897713E-5,.34E-6,0
IRIDIUM 162,2018-047G,2026-09-10T12:12:52.771968,14.43286840,.0002159,86.4452,52.6536,89.7091,270.4357,0,U,43482,999,43743,.68693008E-4,.251E-5,0
IRIDIUM 160,2018-061A,2026-09-10T10:58:06.183264,14.34217145,.00021402,86.3999,21.1326,94.6951,265.4489,0,U,43569,999,42559,.23029162E-4,.84E-6,0
IRIDIUM 166,2018-061B,2026-09-10T14:55:34.066848,14.34217132,.00020639,86.3997,21.0131,92.8079,267.3353,0,U,43570,999,42564,.49952348E-4,.16E-5,0
IRIDIUM 158,2018-061C,2026-09-10T09:08:30.396768,14.34217638,.00022285,86.3997,21.1237,92.9820,267.1631,0,U,43571,999,42557,.46315494E-4,.149E-5,0
IRIDIUM 165,2018-061D,2026-09-10T09:45:02.359584,14.34217688,.00021004,86.3999,21.1612,91.5937,268.5499,0,U,43572,999,42560,.44294764E-4,.144E-5,0
IRIDIUM 155,2018-061E,2026-09-10T15:32:06.345888,14.34217533,.00021601,86.3996,20.9252,91.3779,268.7664,0,U,43573,999,42560,.18709926E-4,.72E-6,0
IRIDIUM 154,2018-061F,2026-09-10T15:04:42.318912,14.34217791,.00020664,86.4000,21.0711,92.0358,268.1074,0,U,43574,999,42565,.4074534E-4,.134E-5,0
IRIDIUM 163,2018-061G,2026-09-10T14:37:18.357600,14.34217605,.00021924,86.3997,20.9916,94.3036,265.8410,0,U,43575,999,42562,.51134981E-4,.163E-5,0
IRIDIUM 156,2018-061H,2026-09-10T10:39:49.821696,14.34217104,.0002187,86.3999,21.0679,91.3805,268.7641,0,U,43576,999,42559,.36852362E-4,.123E-5,0
IRIDIUM 164,2018-061J,2026-09-10T15:13:50.349792,14.34217827,.0002008,86.3998,21.0300,92.6451,267.4974,0,U,43577,999,42566,.48546749E-4,.156E-5,0
IRIDIUM 159,2018-061K,2026-09-10T09:26:46.294368,14.34217769,.00022014,86.3996,21.0659,95.0128,265.1319,0,U,43578,999,42559,.30899819E-4,.106E-5,0
IRIDIUM 180,2019-002A,2026-09-09T21:42:47.024352,14.34218328,.0002222,86.3990,318.2047,95.6027,264.5422,0,U,43922,999,40113,.50181E-4,.16E-5,0
IRIDIUM 176,2019-002B,2026-09-10T11:00:10.229472,14.72256584,.0002402,86.6109,317.9050,94.1669,265.9823,0,U,43923,999,41179,.71111236E-4,.473E-5,0
IRIDIUM 168,2019-002C,2026-09-10T05:55:58.353888,14.34217007,.00022497,86.3992,318.1413,96.1883,263.9569,0,U,43924,999,40116,.47640589E-4,.153E-5,0
IRIDIUM 173,2019-002D,2026-09-10T02:16:46.729056,14.34217539,.00022822,86.3988,318.0901,94.2920,265.8537,0,U,43925,999,40112,.4920923E-4,.158E-5,0
IRIDIUM 169,2019-002E,2026-09-10T07:39:17.628192,14.38609216,.00024924,86.4283,349.6173,86.2274,273.9209,0,U,43926,999,40246,.57718345E-4,.196E-5,0
IRIDIUM 172,2019-002F,2026-09-10T12:10:26.940000,14.34217417,.00022753,86.3988,317.9262,95.5910,264.5545,0,U,43927,999,40119,.48131741E-4,.155E-5,0
IRIDIUM 175,2019-002G,2026-09-10T12:46:04.906272,14.43644813,.00017223,86.4462,254.8296,344.8405,15.2744,0,U,43928,999,41129,.26079183E-4,.109E-5,0
IRIDIUM 171,2019-002H,2026-09-10T11:43:02.868096,14.34218123,.00022036,86.3998,318.2499,92.9050,267.2398,0,U,43929,999,40118,.5140055E-4,.164E-5,0
IRIDIUM 170,2019-002J,2026-09-10T11:09:05.693472,14.72254037,.00024738,86.6109,317.9041,94.9788,265.1712,0,U,43930,999,41180,.71871826E-4,.478E-5,0
IRIDIUM 167,2019-002K,2026-09-10T11:33:54.580608,14.34217187,.00021726,86.3989,317.9600,88.8203,271.3242,0,U,43931,999,40118,.31400803E-4,.108E-5,0
IRIDIUM 181,2023-068S,2026-09-10T10:49:20.928288,14.43310408,.0002081,86.4535,21.1370,97.1875,262.9563,0,U,56726,999,17473,.52531985E-4,.197E-5,0
IRIDIUM 177,2023-068T,2026-09-10T14:14:08.532384,14.77160043,.00025767,86.1930,288.2636,92.9856,267.1658,0,U,56727,999,17899,.77233168E-4,.572E-5,0
IRIDIUM 174,2023-068U,2026-09-10T10:51:17.875872,14.72254590,.00027055,86.6118,318.0654,94.1039,266.0487,0,U,56728,999,17856,.76343787E-4,.506E-5,0
IRIDIUM 178,2023-068V,2026-09-10T07:07:29.677728,14.80036638,.00025139,86.6599,349.8169,93.3519,266.7990,0,U,56729,999,17895,.12959219E-3,.1006E-4,0
IRIDIUM 179,2023-068W,2026-09-10T13:29:13.775136,14.80044447,.00023749,86.6837,358.9330,90.8658,269.2836,0,U,56730,999,17899,.96456965E-4,.756E-5,0
